Emp ID,Name Prefix,First Name,Middle Initial,Last Name,Gender,E Mail,Date of Birth,Date of Joining,Salary
425467,Mrs.,Venita,F,Wagers,F,venita.wagers@gmail.com,8/6/1979,9/5/2011,83208
422363,Hon.,Clayton,M,Chamberlin,M,clayton.chamberlin@btinternet.com,7/22/1994,9/9/2016,78655
252151,Mr.,Otto,U,Gulledge,M,otto.gulledge@gmail.com,8/26/1982,12/10/2007,129999
579140,Mr.,Dwayne,P,Minnick,M,dwayne.minnick@gmail.com,5/11/1979,9/15/2004,52909
538006,Dr.,Roland,E,Sapp,M,roland.sapp@apple.com,5/17/1968,5/20/2005,123348
230797,Hon.,Lavelle,F,Eanes,F,lavelle.eanes@hotmail.com,1/7/1979,12/3/2003,184525
610921,Mrs.,Rebecka,U,Gordan,F,rebecka.gordan@hotmail.com,4/2/1988,6/28/2009,133523
372839,Hon.,John,H,Hines,F,john.hines@hotmail.com,7/19/1974,7/22/2017,78939
546884,Ms.,Lorraine,N,Hawks,F,lorraine.hawks@gmail.com,9/4/1973,1/7/2007,135453
478687,Mr.,Zachary,I,Dyer,M,zachary.dyer@exxonmobil.com,6/20/1996,6/27/2017,77621
154794,Ms.,Aura,M,Lancaster,F,aura.lancaster@gmail.com,11/28/1989,2/16/2015,65990
211924,Mr.,Stewart,K,Lindquist,M,stewart.lindquist@hotmail.com,11/26/1993,2/15/2015,46264
506407,Drs.,Nancie,X,Jarmon,F,nancie.jarmon@gmail.com,1/31/1993,12/15/2014,179301
614222,Mrs.,Vivien,F,Kilgore,F,vivien.kilgore@btinternet.com,3/8/1986,2/3/2017,148619
816983,Mrs.,Eboni,Z,Masterson,F,eboni.masterson@gmail.com,9/22/1986,7/1/2014,85380
574531,Mr.,Deshawn,R,Kieffer,M,deshawn.kieffer@yahoo.com,5/26/1990,5/5/2015,130948
593281,Mrs.,Rossie,A,Kopp,F,rossie.kopp@yahoo.co.uk,2/12/1993,10/30/2016,176696
607291,Drs.,Pura,K,Petty,F,pura.petty@yahoo.com,9/5/1958,6/20/2013,82098
298932,Mrs.,Phylicia,Z,Camargo,F,phylicia.camargo@gmail.com,6/20/1995,11/26/2016,67951
411887,Hon.,Concepcion,D,Hollis,F,concepcion.hollis@exxonmobil.com,1/13/1959,3/26/2000,74210
231604,Hon.,Roland,M,Poor,M,roland.poor@rediffmail.com,9/18/1967,9/27/1991,73976
907817,Mrs.,Frances,O,Whyte,F,frances.whyte@yahoo.co.in,3/31/1976,10/10/2013,129044
195313,Ms.,Jamie,V,Barrios,F,jamie.barrios@yahoo.com,2/5/1992,8/26/2013,110745
328864,Prof.,Chas,U,Havard,M,chas.havard@gmail.com,4/15/1995,6/28/2017,74930
995649,Prof.,Minh,F,Holbert,M,minh.holbert@charter.net,9/8/1957,10/20/2000,44512
848538,Ms.,Kirstin,R,Wilcox,F,kirstin.wilcox@msn.com,7/21/1977,6/5/2016,179351
119028,Ms.,Delphia,Z,Covarrubias,F,delphia.covarrubias@verizon.net,3/30/1970,9/11/2013,114084
653423,Prof.,Benedict,I,Mcbee,M,benedict.mcbee@gmail.com,10/27/1963,5/7/2009,122140
845974,Mr.,Pasquale,U,Leech,M,pasquale.leech@gmail.com,4/16/1992,2/7/2015,91203
825557,Mr.,Dominique,K,Engler,M,dominique.engler@gmail.com,12/31/1991,4/26/2015,154316
937318,Ms.,Kia,P,Stpierre,F,kia.stpierre@yahoo.com,9/3/1960,3/9/2007,44071
617172,Mr.,Jasper,J,Unruh,M,jasper.unruh@outlook.com,9/13/1985,6/2/2008,167529
143310,Ms.,Lanita,J,Delisle,F,lanita.delisle@aol.com,10/8/1991,4/7/2014,168982
256682,Hon.,Josh,Y,Louque,M,josh.louque@gmail.com,5/3/1964,1/18/1994,119145
230099,Hon.,Alfonso,L,Hovey,M,alfonso.hovey@aol.com,11/8/1972,1/24/2005,75092
424811,Ms.,Manie,P,Wilhelm,F,manie.wilhelm@bellsouth.net,2/22/1990,11/13/2011,177943
773563,Mr.,Aldo,P,Benjamin,M,aldo.benjamin@gmail.com,9/18/1981,1/23/2014,187311
206419,Mrs.,Gwenn,X,Gurney,F,gwenn.gurney@gmail.com,1/12/1969,6/13/2017,115449
414959,Hon.,Randall,B,Foreman,M,randall.foreman@hotmail.com,6/8/1975,7/10/1997,132312
879127,Ms.,Reena,M,Blodgett,F,reena.blodgett@exxonmobil.com,11/20/1967,8/23/2012,67884
161699,Prof.,Earle,X,Leith,M,earle.leith@gmail.com,8/22/1995,4/14/2017,52682
899866,Ms.,Setsuko,L,Murry,F,setsuko.murry@bellsouth.net,11/29/1995,7/20/2017,193746
205495,Mrs.,Victorina,E,Maris,F,victorina.maris@hotmail.com,9/16/1993,9/12/2014,114179
561555,Mr.,Ismael,A,Dittmer,M,ismael.dittmer@gmail.com,8/27/1990,4/18/2013,152010
618972,Drs.,Maryellen,B,Peterman,F,maryellen.peterman@gmail.com,7/17/1977,2/2/2016,71124
347710,Ms.,Jerrie,Y,Rayner,F,jerrie.rayner@bellsouth.net,8/15/1969,8/13/2003,165960
514087,Mr.,Glen,E,Rehm,M,glen.rehm@hotmail.com,3/11/1973,7/11/1994,154921
346065,Ms.,Mira,W,Terrell,F,mira.terrell@hotmail.com,10/30/1957,6/9/2006,197637
245694,Mrs.,Libby,X,Brochu,F,libby.brochu@yahoo.ca,4/1/1996,6/14/2017,110692
304565,Mr.,Tommy,J,Estrada,M,tommy.estrada@yahoo.com,1/11/1964,9/10/1996,197920
799124,Mrs.,Catharine,H,Kirkland,F,catharine.kirkland@gmail.com,12/26/1993,1/30/2016,127048
135271,Ms.,Audrea,R,Thorp,F,audrea.thorp@aol.com,9/20/1966,11/1/1991,117232
945134,Mr.,Jerrell,J,Steven,M,jerrell.steven@shell.com,2/9/1992,5/8/2017,83974
893964,Dr.,Curtis,N,Schumacher,M,curtis.schumacher@gmail.com,10/29/1987,7/17/2012,161864
967776,Mr.,Sergio,L,Alford,M,sergio.alford@hotmail.co.uk,6/17/1978,5/8/2012,143851
263212,Mr.,Sterling,Q,Weis,M,sterling.weis@gmail.com,4/5/1981,12/31/2014,60925
659618,Dr.,Jordon,S,Bowe,M,jordon.bowe@aol.com,4/26/1991,1/11/2014,150589
788921,Mrs.,Jodee,D,Cohen,F,jodee.cohen@hotmail.co.uk,1/23/1965,12/31/1986,148932
834334,Hon.,Martin,U,Runion,M,martin.runion@aol.com,7/30/1983,5/26/2017,141902
453683,Hon.,Nobuko,G,Carlo,F,nobuko.carlo@gmail.com,6/6/1968,12/10/2012,68999
939983,Mr.,Gil,C,Macomber,M,gil.macomber@shell.com,7/15/1969,7/26/1994,159688
281376,Hon.,Charlene,I,Fenton,F,charlene.fenton@gmail.com,6/23/1988,10/14/2013,61675
689653,Mr.,Jorge,I,Darrow,M,jorge.darrow@bp.com,7/8/1986,8/9/2012,143554
778571,Mr.,Jerome,O,Herod,M,jerome.herod@aol.com,9/13/1995,2/2/2017,84393
515016,Mr.,Antoine,J,Gooch,M,antoine.gooch@comcast.net,4/18/1988,10/6/2010,92451
129411,Mr.,Elbert,F,Sherwood,M,elbert.sherwood@aol.com,3/15/1988,1/1/2016,46548
315034,Mr.,Brandon,X,Weissman,M,brandon.weissman@bp.com,2/15/1982,7/24/2005,79443
171740,Mrs.,Kiesha,J,Kisner,F,kiesha.kisner@yahoo.com,9/3/1977,2/21/2013,165203
638677,Mrs.,Winona,X,Stlouis,F,winona.stlouis@yahoo.com,8/16/1980,9/25/2002,64593
626702,Dr.,Ollie,C,Mandel,M,ollie.mandel@earthlink.net,2/14/1985,11/1/2014,166413
885013,Mr.,Cyril,B,Benton,M,cyril.benton@walmart.com,6/1/1963,10/24/1984,130985
498480,Hon.,Onita,U,Field,F,onita.field@earthlink.net,6/1/1968,4/27/1992,97180
881767,Drs.,Junita,C,Chasteen,F,junita.chasteen@yahoo.co.in,6/2/1965,7/11/2013,48857
894177,Ms.,Jackqueline,J,Russ,F,jackqueline.russ@gmail.com,5/30/1993,11/24/2016,113035
870129,Ms.,Bertha,T,Vanwinkle,F,bertha.vanwinkle@bp.com,1/15/1980,11/2/2012,152876
180501,Ms.,Shaunta,E,Younger,F,shaunta.younger@hotmail.com,1/26/1986,2/1/2013,166233
479149,Mr.,Erick,T,Moreland,M,erick.moreland@aol.com,12/26/1988,11/17/2013,117519
171693,Hon.,Chong,G,Fiedler,M,chong.fiedler@gmail.com,1/31/1962,12/28/1993,79589
161930,Hon.,Maynard,U,Leatherman,M,maynard.leatherman@gmail.com,11/23/1962,12/31/1986,95595
487607,Mr.,Brenton,D,Norton,M,brenton.norton@aol.com,5/8/1993,2/6/2016,50926
788082,Mrs.,Natividad,W,Hash,F,natividad.hash@gmail.com,8/11/1988,3/19/2012,84884
220806,Hon.,Jermaine,I,Lacy,M,jermaine.lacy@bp.com,5/12/1989,6/4/2012,73155
864636,Mr.,Tory,V,Penney,M,tory.penney@yahoo.com,6/21/1977,1/29/2010,147903
496024,Mr.,Charles,V,Southworth,M,charles.southworth@gmail.com,12/29/1994,3/22/2016,154981
857665,Dr.,Antone,Q,Appel,M,antone.appel@gmail.com,12/22/1967,2/22/2004,149793
838661,Mr.,Rickey,L,Rashid,M,rickey.rashid@yahoo.co.uk,5/17/1991,10/14/2015,67221
309032,Mrs.,Zofia,J,Esposito,F,zofia.esposito@bellsouth.net,6/30/1970,12/4/2013,119339
268958,Mr.,Rene,S,Decarlo,M,rene.decarlo@hotmail.com,4/20/1979,2/7/2014,99772
331617,Ms.,Yong,U,Coronado,F,yong.coronado@hotmail.com,8/20/1977,6/8/2012,138112
927439,Drs.,Wendy,C,Hansel,F,wendy.hansel@gmail.com,6/24/1994,5/9/2017,194178
288573,Mr.,Don,J,Esparza,M,don.esparza@gmail.com,4/24/1984,5/27/2006,142727
703814,Mrs.,Coral,B,Hulse,F,coral.hulse@aol.com,7/31/1976,7/25/2010,136836
795495,Mrs.,Hermelinda,Z,Savino,F,hermelinda.savino@gmail.com,8/22/1978,3/11/2007,65242
674912,Mr.,Stanley,U,Binder,M,stanley.binder@walmart.com,11/14/1959,10/22/1998,177825
517725,Dr.,Dalton,Q,Densmore,M,dalton.densmore@yahoo.com,6/29/1981,9/21/2012,136670
934979,Mrs.,Sam,K,Flint,F,sam.flint@gmail.com,9/27/1961,6/22/1987,40359
235029,Mr.,Erik,S,Dew,M,erik.dew@aol.com,12/4/1978,9/13/2008,98616
401664,Mr.,Arturo,S,Dashiell,M,arturo.dashiell@gmail.com,12/22/1958,7/20/1996,85866
312513,Mrs.,Gregory,Y,Veach,F,gregory.veach@cox.net,3/27/1981,3/4/2012,108052
403262,Mr.,Guy,O,Bueno,M,guy.bueno@yahoo.ca,9/1/1990,5/11/2014,119689
161126,Mrs.,Brittaney,E,Stringfellow,F,brittaney.stringfellow@hotmail.com,11/9/1974,11/11/2011,80196
519424,Mr.,Nickolas,S,Heise,M,nickolas.heise@aol.com,1/28/1959,12/7/2008,162415
493305,Mrs.,Alanna,A,Bazemore,F,alanna.bazemore@rediffmail.com,12/9/1961,7/6/1988,174540
258674,Prof.,Graig,K,Barahona,M,graig.barahona@gmail.com,11/21/1985,9/6/2007,191828
512641,Ms.,Luanna,R,Cassity,F,luanna.cassity@hotmail.com,9/17/1970,9/24/1999,48977
822734,Ms.,Madonna,M,Eiland,F,madonna.eiland@yahoo.com,9/27/1959,1/11/1981,60487
176473,Ms.,Nelia,A,Acosta,F,nelia.acosta@microsoft.com,8/23/1958,6/4/1980,147080
540983,Mr.,Thanh,O,Fernandes,M,thanh.fernandes@yahoo.com,11/25/1989,5/10/2012,193933
114716,Mr.,Roy,A,Heard,M,roy.heard@rediffmail.com,3/17/1959,8/9/1990,163484
891727,Dr.,Renaldo,D,Sheets,M,renaldo.sheets@earthlink.net,4/23/1973,9/27/2010,194508
899399,Drs.,Thao,C,Pagel,F,thao.pagel@yahoo.co.uk,7/30/1965,11/16/1991,112402
249158,Hon.,Carlos,P,Carrizales,F,carlos.carrizales@yahoo.com,10/13/1989,5/24/2013,195818
914887,Mr.,Seth,L,Pratt,M,seth.pratt@bp.com,12/11/1979,6/23/2002,184272
717125,Mrs.,Yolonda,S,Fischer,F,yolonda.fischer@btinternet.com,6/21/1966,6/5/2015,92806
301026,Mr.,Ken,J,Hicks,M,ken.hicks@gmail.com,8/22/1994,1/3/2016,95515
299703,Drs.,Geralyn,G,Massa,F,geralyn.massa@hotmail.com,8/27/1975,1/31/2014,132455
885865,Mr.,Lanny,J,Hamby,M,lanny.hamby@yahoo.co.uk,1/2/1983,4/19/2005,116431
658575,Hon.,Nakita,F,Casto,F,nakita.casto@earthlink.net,8/28/1957,1/26/2008,150118
246859,Mr.,Nathaniel,Y,Dorr,M,nathaniel.dorr@outlook.com,12/11/1977,4/3/2014,82210
484990,Prof.,Omar,D,Crisp,M,omar.crisp@gmail.com,3/4/1960,5/10/1984,56470
483868,Mr.,Virgilio,Z,Mcbryde,M,virgilio.mcbryde@yahoo.co.uk,5/12/1965,1/4/1987,92079
736312,Hon.,Natacha,Z,Husted,F,natacha.husted@gmail.com,8/13/1958,5/18/2009,60087
953967,Ms.,Andree,N,Kenner,F,andree.kenner@hotmail.com,3/13/1982,2/16/2009,81560
209370,Mr.,Wilbert,L,Greenlee,M,wilbert.greenlee@hotmail.com,1/15/1959,8/4/1996,110648
440285,Mr.,Vito,L,German,M,vito.german@gmail.com,5/15/1990,5/30/2014,132867
145054,Ms.,Cher,T,Mock,F,cher.mock@gmail.com,11/16/1993,7/22/2016,167763
671535,Mrs.,Lianne,T,Sudduth,F,lianne.sudduth@yahoo.com,4/27/1994,5/21/2016,68418
336395,Mr.,Lucio,A,Newberry,M,lucio.newberry@charter.net,7/7/1971,10/17/2003,60426
664461,Ms.,Latina,X,Hitt,F,latina.hitt@ntlworld.com,5/25/1973,6/17/2006,112477
545661,Ms.,Larraine,V,Krumm,F,larraine.krumm@microsoft.com,5/5/1964,6/11/1998,142099
916980,Mr.,Jan,K,Lillard,M,jan.lillard@aol.com,12/5/1979,7/25/2003,125918
813820,Mrs.,Lekisha,W,Ingalls,F,lekisha.ingalls@gmail.com,12/1/1960,7/16/1997,146402
257577,Drs.,Hollis,K,Mayer,F,hollis.mayer@yahoo.com,2/23/1974,6/15/1995,79120
690141,Ms.,Branda,Q,Lawrence,F,branda.lawrence@ntlworld.com,8/4/1978,6/18/2004,88456
378723,Hon.,Guillermina,H,Sun,F,guillermina.sun@aol.com,10/1/1980,8/4/2013,147978
298600,Hon.,Moses,L,Donegan,M,moses.donegan@aol.com,1/24/1991,7/15/2017,56826
415434,Mrs.,Gretta,C,Kerby,F,gretta.kerby@shell.com,4/14/1982,2/4/2007,138043
157758,Mr.,Albert,F,Theisen,M,albert.theisen@gmail.com,8/3/1982,11/15/2015,101104
596749,Ms.,Lyla,T,Downes,F,lyla.downes@charter.net,3/28/1978,5/24/2002,61792
448557,Drs.,Renae,V,Henton,F,renae.henton@gmail.com,11/29/1972,1/2/2005,180108
442341,Mr.,Preston,X,Heatherly,M,preston.heatherly@gmail.com,11/27/1975,7/13/2006,54018
646700,Mrs.,Delicia,L,Hoard,F,delicia.hoard@yahoo.co.uk,1/25/1974,5/13/2015,175715
309828,Ms.,Era,J,Melancon,F,era.melancon@gmail.com,12/25/1990,10/10/2014,90342
658496,Hon.,Issac,K,Paxton,M,issac.paxton@outlook.com,11/5/1995,3/11/2017,177311
209445,Mr.,Granville,E,Devries,M,granville.devries@gmail.com,12/29/1979,1/30/2004,173855
376856,Mrs.,Perla,X,Tedesco,F,perla.tedesco@yahoo.com,1/18/1983,3/25/2011,161870
691625,Mr.,Dion,R,Flores,M,dion.flores@exxonmobil.com,4/15/1977,10/23/2006,94886
129640,Ms.,Kai,P,Farnsworth,F,kai.farnsworth@aol.com,5/24/1996,6/18/2017,154656
168622,Mrs.,Kimberlie,P,Blizzard,F,kimberlie.blizzard@hotmail.com,12/29/1968,9/28/2014,148890
270372,Hon.,Kenneth,U,Largent,M,kenneth.largent@aol.com,5/17/1974,12/22/2016,75554
142368,Mrs.,Tova,K,Rife,F,tova.rife@yahoo.co.uk,7/30/1971,10/2/2013,77465
161309,Ms.,Daryl,D,Corral,F,daryl.corral@gmail.com,8/7/1972,4/27/2016,116020
699703,Mr.,Haywood,U,Lukas,M,haywood.lukas@yahoo.co.in,3/28/1964,12/14/1999,97492
576653,Prof.,Howard,D,Swallow,M,howard.swallow@hotmail.com,2/24/1984,12/3/2016,131661
858292,Mr.,Elliott,Z,Mosqueda,M,elliott.mosqueda@yahoo.com,12/19/1986,12/7/2009,83401
442573,Mr.,Marcelo,A,Arsenault,M,marcelo.arsenault@shell.com,7/11/1964,4/9/2000,95437
791022,Hon.,Era,N,Chun,F,era.chun@hotmail.com,6/29/1975,4/29/2009,47562
386246,Prof.,Elden,C,Wiggins,M,elden.wiggins@gmail.com,4/24/1983,11/6/2006,176490
512194,Drs.,Shaun,Z,Nicol,F,shaun.nicol@gmail.com,10/7/1995,11/15/2016,143799
899487,Ms.,Cathey,P,Mowery,F,cathey.mowery@cox.net,10/15/1995,4/16/2017,169596
497755,Ms.,Pat,N,Coyne,F,pat.coyne@walmart.com,6/17/1981,12/23/2009,59032
922514,Mr.,Cruz,Z,Cantara,M,cruz.cantara@hotmail.com,1/30/1975,9/12/2016,120245
156212,Hon.,Kristofer,A,Shouse,M,kristofer.shouse@gmail.com,12/10/1987,2/28/2017,98042
208970,Ms.,Patrick,X,Martz,F,patrick.martz@gmail.com,2/13/1976,9/30/2016,190342
955807,Ms.,Danna,Q,Thielen,F,danna.thielen@btinternet.com,3/31/1988,7/1/2010,66364
166630,Ms.,Fred,V,Zimmerman,F,fred.zimmerman@hotmail.com,6/17/1975,5/12/2007,89537
791268,Mr.,Wilbert,B,Reed,M,wilbert.reed@aol.com,8/14/1990,9/30/2011,96298
757145,Ms.,Emma,D,Birt,F,emma.birt@aol.com,9/10/1993,12/27/2014,197178
173479,Ms.,Marnie,Z,Luckey,F,marnie.luckey@outlook.com,11/27/1970,5/5/2017,81053
149248,Mrs.,Ericka,X,Wofford,F,ericka.wofford@exxonmobil.com,10/1/1993,7/29/2016,139885
158735,Mr.,Mikel,S,Rizzo,M,mikel.rizzo@yahoo.com,8/15/1970,6/30/2002,182013
486557,Hon.,Ashlee,P,Mcghee,F,ashlee.mcghee@hotmail.com,10/27/1983,2/4/2012,69760
600912,Mrs.,Celia,L,Calder,F,celia.calder@gmail.com,11/13/1970,4/1/2000,114124
242167,Dr.,Franklyn,B,Ivy,M,franklyn.ivy@cox.net,2/7/1974,7/12/1998,168212
420995,Prof.,Lupe,W,Lockman,M,lupe.lockman@hotmail.com,11/26/1970,5/28/2000,74414
965619,Dr.,Dale,T,Yoon,M,dale.yoon@aol.com,4/21/1982,8/21/2004,180406
921754,Dr.,Kendall,O,Gerry,M,kendall.gerry@shell.com,7/12/1959,5/20/2012,138633
449998,Ms.,Jody,I,Moffitt,F,jody.moffitt@ntlworld.com,11/21/1970,10/9/2000,185348
953102,Prof.,Geraldo,N,Sprague,M,geraldo.sprague@apple.com,2/17/1974,6/27/2008,111014
569170,Mr.,Marc,N,Koller,M,marc.koller@gmail.com,1/2/1989,6/3/2011,166584
511492,Mr.,Raymundo,J,Northrup,M,raymundo.northrup@yahoo.co.uk,8/30/1974,9/4/1999,92169
479609,Mrs.,Delinda,B,Rhoades,F,delinda.rhoades@yahoo.com,4/25/1973,4/19/2007,148530
245560,Mr.,Jerrold,C,Rabe,M,jerrold.rabe@gmail.com,2/19/1961,9/17/1988,150102
325692,Ms.,Toni,U,Blume,F,toni.blume@charter.net,5/8/1987,2/22/2014,143422
562457,Ms.,Ester,V,Rummel,F,ester.rummel@bp.com,1/6/1984,7/12/2008,79350
809572,Mrs.,Ilana,Z,Horta,F,ilana.horta@ibm.com,11/23/1963,8/31/2005,153899
695995,Ms.,Lorette,Q,Suter,F,lorette.suter@gmail.com,5/24/1969,12/4/2009,113250
208980,Ms.,Isidra,L,Emmons,F,isidra.emmons@sbcglobal.net,10/22/1963,3/1/2016,196203
986594,Mr.,Valentin,G,Youngblood,M,valentin.youngblood@ntlworld.com,9/24/1982,1/21/2004,134328
426267,Dr.,Miquel,T,Meza,M,miquel.meza@outlook.com,11/23/1976,7/19/2006,189006
289703,Mr.,Floyd,O,George,M,floyd.george@hotmail.com,7/29/1995,7/10/2017,87813
985365,Mr.,Arturo,H,Hutton,M,arturo.hutton@gmail.com,5/10/1966,12/22/2016,72866
207134,Hon.,Justina,B,Western,F,justina.western@bp.com,11/16/1973,4/16/2010,183283
115556,Mr.,Steve,O,Sayre,M,steve.sayre@btinternet.com,12/13/1961,1/6/1995,85304
502432,Mr.,Damian,O,Delorenzo,M,damian.delorenzo@gmail.com,1/19/1976,9/27/2002,149425
949823,Dr.,Travis,J,Ruckman,M,travis.ruckman@gmail.com,1/24/1968,10/12/1996,196508
505817,Mr.,Eric,X,Switzer,M,eric.switzer@gmail.com,12/2/1987,5/14/2012,46928
643337,Prof.,Virgil,D,Huston,M,virgil.huston@gmail.com,6/3/1959,6/18/2008,150657
203162,Mr.,Mary,R,Bill,M,mary.bill@aol.com,4/22/1962,6/19/1991,64501
884310,Hon.,Bee,P,Mares,F,bee.mares@hotmail.co.uk,7/15/1964,12/7/2006,157880
258998,Ms.,Anya,U,Ito,F,anya.ito@gmail.com,4/17/1985,7/15/2014,123009
269428,Mr.,Mervin,A,Colman,M,mervin.colman@rediffmail.com,12/31/1963,6/19/2003,81829
445765,Ms.,Desire,S,Oconnor,F,desire.oconnor@ibm.com,7/4/1984,8/14/2005,152740
349426,Mrs.,Margart,P,Caines,F,margart.caines@ntlworld.com,5/26/1993,11/9/2016,127890
618207,Dr.,Heath,Q,Shackleford,M,heath.shackleford@yahoo.com,10/25/1992,3/20/2014,188800
483685,Hon.,Cherelle,Y,Burt,F,cherelle.burt@ibm.com,2/28/1983,9/4/2013,156998
594011,Mr.,Raymon,W,Dingman,M,raymon.dingman@bp.com,1/13/1993,4/7/2017,109620
420530,Mr.,Lionel,U,Fernando,M,lionel.fernando@yahoo.co.in,11/27/1958,4/18/1997,70102
857370,Hon.,Breann,D,Dwyer,F,breann.dwyer@gmail.com,4/7/1967,11/13/1998,163607
408774,Hon.,Ebonie,K,Ratliff,F,ebonie.ratliff@ntlworld.com,9/18/1978,11/1/2010,68240
891010,Ms.,Dolores,S,Houston,F,dolores.houston@walmart.com,12/1/1994,6/1/2017,108900
423847,Mr.,Norris,Q,Alden,M,norris.alden@yahoo.com,3/26/1963,5/7/1996,113238
164475,Hon.,Katia,R,Fain,F,katia.fain@hotmail.com,10/10/1970,1/23/1997,111268
314063,Hon.,Tammi,X,Flick,F,tammi.flick@gmail.com,3/23/1964,11/14/2009,194044
806434,Ms.,Marlin,F,Neri,F,marlin.neri@hotmail.co.uk,5/6/1995,6/9/2016,185122
228139,Ms.,Heike,H,Norfleet,F,heike.norfleet@earthlink.net,3/11/1975,5/2/2004,163675
544352,Ms.,Gwyn,O,Sackett,F,gwyn.sackett@apple.com,6/15/1995,4/15/2017,122654
907291,Mr.,Sebastian,Z,Boylan,M,sebastian.boylan@yahoo.com,7/17/1985,8/12/2007,191802
272630,Ms.,Shane,E,Bouie,F,shane.bouie@aol.com,3/14/1978,11/19/2002,136107
980812,Hon.,Christa,K,Shade,F,christa.shade@hotmail.com,8/18/1966,1/16/1993,197946
165890,Mr.,Heriberto,R,Garrity,M,heriberto.garrity@ibm.com,11/7/1982,5/29/2017,78163
181782,Mrs.,Joycelyn,P,Capone,F,joycelyn.capone@aol.com,5/16/1984,11/29/2012,190312
254060,Dr.,Sylvester,V,Hamill,M,sylvester.hamill@aol.com,7/6/1964,7/19/1989,105460
732919,Mrs.,Thao,F,Frank,F,thao.frank@gmail.com,11/30/1970,10/6/2009,115238
264821,Hon.,Fernando,C,Chamberlain,M,fernando.chamberlain@aol.com,5/24/1960,10/7/1992,90229
263677,Mr.,Randal,Z,Belton,M,randal.belton@gmail.com,9/4/1973,7/26/2013,102279
872307,Ms.,Roselee,W,Agee,F,roselee.agee@aol.com,12/21/1992,5/9/2015,85064
953046,Ms.,Rudy,W,Huey,F,rudy.huey@gmail.com,6/22/1985,5/18/2013,109900
713162,Mr.,Hilton,G,Woolf,M,hilton.woolf@gmail.com,11/29/1982,1/1/2004,185814
259150,Ms.,Penni,N,Villalpando,F,penni.villalpando@comcast.net,3/15/1979,4/17/2004,96815
642183,Ms.,Heidy,K,Nabors,F,heidy.nabors@aol.com,7/8/1983,11/18/2012,97588
818984,Drs.,Megan,Y,Sanches,F,megan.sanches@gmail.com,4/18/1991,3/5/2017,123933
255324,Ms.,Vasiliki,B,Nash,F,vasiliki.nash@hotmail.co.uk,3/21/1996,6/23/2017,188910
879409,Mr.,Derick,Z,Arceneaux,M,derick.arceneaux@gmail.com,1/9/1981,10/17/2015,151939
374505,Mr.,Fredric,M,Severson,M,fredric.severson@yahoo.com,9/1/1990,10/25/2012,98976
620498,Mrs.,Larisa,L,Whitt,F,larisa.whitt@gmail.com,5/30/1972,6/2/2001,139495
522004,Mr.,Devin,N,Deboer,M,devin.deboer@aol.com,7/17/1973,1/16/1996,123045
399031,Mr.,Blaine,Y,Rainwater,M,blaine.rainwater@outlook.com,1/3/1972,3/16/2013,127072
189987,Dr.,Mervin,S,Vollmer,M,mervin.vollmer@gmail.com,3/4/1989,11/1/2013,80958
939893,Mrs.,Debi,R,Wing,F,debi.wing@aol.com,5/14/1974,12/22/2013,191401
488516,Ms.,Melia,M,Batista,F,melia.batista@apple.com,12/22/1973,4/16/2016,173776
614294,Mr.,Jeremiah,N,Manzano,M,jeremiah.manzano@yahoo.co.in,4/16/1977,1/28/2010,195547
310907,Mr.,Ruben,B,Kraus,M,ruben.kraus@hotmail.com,6/9/1971,2/5/2008,53543
277005,Mr.,Renato,R,Durr,M,renato.durr@aol.com,10/18/1967,8/26/1994,99619
933127,Mr.,Chang,O,Echols,M,chang.echols@gmail.com,1/30/1967,5/4/1994,51188
579290,Drs.,Charlsie,H,Armentrout,F,charlsie.armentrout@gmail.com,10/29/1995,6/12/2017,197097
297213,Mr.,Jorge,C,Soliz,M,jorge.soliz@hotmail.com,1/6/1967,10/9/2011,67524
896428,Ms.,Scottie,V,Abreu,F,scottie.abreu@outlook.com,11/2/1984,3/3/2011,41779
228720,Mr.,Sanford,N,Rivas,M,sanford.rivas@gmail.com,4/28/1969,3/21/1993,152403
342032,Hon.,Rachal,M,Villareal,F,rachal.villareal@yahoo.com,11/22/1980,1/23/2011,150367
282641,Mr.,Wyatt,J,Khan,M,wyatt.khan@comcast.net,2/25/1984,5/15/2016,116972
674736,Mr.,Juan,O,Mount,M,juan.mount@aol.com,9/25/1982,1/9/2009,45663
134465,Ms.,Bula,U,Montalvo,F,bula.montalvo@yahoo.co.uk,8/6/1985,10/26/2014,44069
458348,Drs.,Corrina,N,Schaffner,F,corrina.schaffner@ibm.com,7/5/1976,2/14/2017,165406
655266,Ms.,Carmella,A,Thorton,F,carmella.thorton@msn.com,4/13/1990,2/13/2017,81739
281036,Mrs.,Aleshia,O,Lafferty,F,aleshia.lafferty@sbcglobal.net,3/24/1980,12/13/2001,161712
254149,Ms.,Jessia,C,Arbogast,F,jessia.arbogast@gmail.com,9/24/1989,3/15/2015,184871
839098,Mr.,Weldon,Q,Muir,M,weldon.muir@gmail.com,1/9/1981,12/12/2011,76167
182503,Dr.,Lance,Q,Gant,M,lance.gant@verizon.net,7/2/1970,3/10/2005,189963
801972,Hon.,Brenna,C,Scruggs,F,brenna.scruggs@gmail.com,2/20/1960,9/29/1990,195520
716731,Ms.,Tomiko,R,Janson,F,tomiko.janson@gmail.com,12/19/1982,1/13/2007,168018
708512,Mr.,Luther,V,Tutt,M,luther.tutt@ibm.com,8/4/1966,11/24/1993,73013
580553,Ms.,Jason,M,Meacham,F,jason.meacham@gmail.com,1/14/1986,2/10/2012,80556
700055,Ms.,Jada,K,Wessels,F,jada.wessels@shell.com,10/13/1966,8/1/1991,120339
634679,Mr.,Alfonzo,J,Hook,M,alfonzo.hook@hotmail.com,6/13/1974,3/19/2001,43756
562522,Prof.,Jamaal,D,Ellingson,M,jamaal.ellingson@earthlink.net,8/15/1976,8/24/2014,95212
639399,Mrs.,Siobhan,V,Hermosillo,F,siobhan.hermosillo@hotmail.com,11/14/1959,3/15/1989,145720
994218,Mr.,Zack,U,Birnbaum,M,zack.birnbaum@bp.com,7/31/1969,10/31/2003,49577
340080,Mr.,Shirley,E,Stillman,M,shirley.stillman@gmail.com,10/8/1961,3/28/1998,81861
793760,Mrs.,Sherly,A,Verdugo,F,sherly.verdugo@exxonmobil.com,5/12/1989,9/12/2015,63436
347812,Dr.,Oscar,P,Orozco,M,oscar.orozco@btinternet.com,1/20/1969,2/9/1999,193430
884821,Mrs.,Shelly,O,Guimond,F,shelly.guimond@gmail.com,6/26/1960,7/20/1998,89299
287414,Mrs.,Latoyia,B,Rodrigez,F,latoyia.rodrigez@hotmail.com,5/26/1989,7/9/2016,94139
538782,Mrs.,Crissy,C,Bay,F,crissy.bay@btinternet.com,5/11/1976,9/17/2008,152267
796124,Hon.,Bob,G,Mathias,M,bob.mathias@aol.com,5/21/1991,7/24/2017,69945
711977,Ms.,Lacy,G,Broadwater,F,lacy.broadwater@verizon.net,6/18/1973,8/17/2016,70726
178558,Mr.,Toney,B,Metcalf,M,toney.metcalf@aol.com,4/26/1973,11/22/2004,76928
303067,Ms.,Michelina,A,Orourke,F,michelina.orourke@gmail.com,12/5/1960,10/3/1982,142689
745674,Hon.,Ciera,A,Rowlett,F,ciera.rowlett@ntlworld.com,11/6/1963,12/1/2003,162310
691670,Hon.,Lynn,M,Matherly,F,lynn.matherly@sbcglobal.net,1/24/1987,1/1/2009,122736
976674,Mr.,Rosendo,H,Myles,M,rosendo.myles@hotmail.com,4/28/1993,4/16/2016,93597
363796,Mrs.,Rubie,X,Humphreys,F,rubie.humphreys@gmail.com,9/8/1959,6/15/1993,94597
531585,Ms.,David,C,Barreto,F,david.barreto@gmail.com,1/6/1958,11/24/1981,180844
762974,Dr.,Royce,N,Garmon,M,royce.garmon@hotmail.com,11/22/1982,1/2/2015,164360
920098,Mr.,Cortez,R,Diggs,M,cortez.diggs@gmail.com,9/27/1961,3/7/2002,197046
283741,Mr.,Chester,L,Hirst,M,chester.hirst@gmail.com,1/20/1963,10/8/2009,99289
854432,Mr.,Efren,L,Moxley,M,efren.moxley@yahoo.co.uk,9/9/1965,5/25/2005,61652
657496,Mr.,Isidro,N,Simard,M,isidro.simard@hotmail.com,1/26/1965,10/29/1994,77287
647339,Ms.,Sang,R,Loy,F,sang.loy@aol.com,9/6/1993,6/3/2017,72207
425152,Ms.,Scott,Y,Devine,F,scott.devine@gmail.com,9/28/1993,11/2/2014,71969
905243,Ms.,Mariela,T,Andre,F,mariela.andre@apple.com,4/30/1996,7/23/2017,109118
191046,Mr.,Florentino,R,Blanding,M,florentino.blanding@bellsouth.net,10/3/1979,3/28/2008,78365
544301,Prof.,Carson,G,Rackley,M,carson.rackley@gmail.com,11/6/1958,5/9/1991,158543
130314,Drs.,Bobette,A,Murchison,F,bobette.murchison@btinternet.com,4/24/1970,9/11/2015,64250
268271,Ms.,Kassandra,H,Shedd,F,kassandra.shedd@aol.com,8/12/1979,10/18/2000,58408
666413,Ms.,Heidy,C,Rucker,F,heidy.rucker@aol.com,9/11/1978,2/12/2009,172096
980398,Mrs.,Nam,F,Gravitt,F,nam.gravitt@msn.com,9/14/1968,1/20/2005,92548
568770,Ms.,Debi,Y,Sills,F,debi.sills@yahoo.co.in,7/13/1960,7/2/2007,136649
157115,Mrs.,Masako,O,Ho,F,masako.ho@gmail.com,10/23/1979,9/18/2006,97971
276141,Mrs.,Xenia,I,Purdy,F,xenia.purdy@microsoft.com,8/26/1994,8/11/2016,123136
989102,Mrs.,Jerica,O,Lundquist,F,jerica.lundquist@apple.com,3/28/1967,10/17/2002,70248
695651,Mr.,Moses,B,Scheller,M,moses.scheller@sbcglobal.net,1/6/1967,2/14/2009,111089
428598,Ms.,Chong,W,Pierce,F,chong.pierce@yahoo.com,5/28/1981,6/21/2012,172033
394201,Mr.,Rickie,O,Suggs,M,rickie.suggs@hotmail.com,12/22/1965,11/5/2005,108801
726285,Hon.,Benito,M,Yepez,M,benito.yepez@hotmail.com,4/23/1984,7/4/2009,169699
543348,Mrs.,Junie,N,Garfield,F,junie.garfield@aol.com,9/1/1985,7/25/2014,163401
374441,Ms.,Kris,E,Moser,F,kris.moser@shell.com,7/22/1986,5/7/2010,123105
534319,Mr.,Mauricio,B,Berryhill,M,mauricio.berryhill@earthlink.net,12/22/1989,10/10/2016,131561
595212,Ms.,Johanna,F,Hester,F,johanna.hester@aol.com,4/5/1960,11/21/1987,193489
290950,Mrs.,Leoma,C,Pearce,F,leoma.pearce@hotmail.com,3/18/1986,3/25/2013,175821
624039,Mr.,Jared,F,Becker,M,jared.becker@gmail.com,7/31/1995,3/31/2017,194479
641643,Dr.,Bryon,M,Atkins,M,bryon.atkins@gmail.com,8/13/1991,6/2/2015,111543
593768,Mrs.,Aurelia,I,Minnick,F,aurelia.minnick@gmail.com,4/8/1960,5/20/1999,191237
444805,Prof.,Rory,R,Severance,M,rory.severance@exxonmobil.com,8/22/1970,1/11/2008,89491
825016,Mrs.,Kyla,A,Harlan,F,kyla.harlan@aol.com,6/28/1987,4/9/2017,132724
939971,Prof.,Forrest,A,Ahrens,M,forrest.ahrens@msn.com,11/4/1976,1/12/2012,179032
772788,Drs.,Tarsha,I,Myrick,F,tarsha.myrick@cox.net,12/29/1959,4/28/2005,62092
463519,Mr.,Marcel,I,Josey,M,marcel.josey@gmail.com,9/20/1992,8/16/2014,136961
212670,Drs.,Renna,K,Swearingen,F,renna.swearingen@btinternet.com,6/10/1978,11/11/2006,90197
223409,Mr.,Cecil,E,Million,M,cecil.million@rediffmail.com,2/27/1974,8/13/2009,46964
138836,Mr.,Mckinley,H,Galvan,M,mckinley.galvan@rediffmail.com,12/27/1981,6/23/2009,157239
271840,Mrs.,Flavia,I,Swearingen,F,flavia.swearingen@cox.net,8/4/1982,6/8/2007,154686
179414,Ms.,Doloris,X,Golding,F,doloris.golding@charter.net,4/11/1963,4/19/2014,127531
592490,Ms.,Carri,I,Dews,F,carri.dews@earthlink.net,2/11/1976,8/21/2005,183438
223652,Hon.,Vito,Z,Saez,M,vito.saez@gmail.com,4/14/1959,9/17/1998,162389
219000,Mr.,Efren,Y,Lippert,M,efren.lippert@gmail.com,2/15/1961,10/13/2004,55526
844228,Mr.,Gerardo,A,Angell,M,gerardo.angell@yahoo.ca,12/27/1973,10/27/2005,76143
856946,Mr.,Jamison,E,Wyrick,M,jamison.wyrick@gmail.com,10/30/1958,11/25/1993,144204
875812,Ms.,Ashlee,C,Curley,F,ashlee.curley@gmail.com,9/22/1988,6/15/2016,100285
370374,Mr.,Rickey,T,Peer,M,rickey.peer@yahoo.com,6/24/1981,8/8/2013,181250
510985,Drs.,Lorilee,L,Audette,F,lorilee.audette@gmail.com,4/11/1982,1/15/2015,80730
827379,Ms.,Deirdre,R,Hassett,F,deirdre.hassett@shell.com,5/31/1979,1/1/2011,145171
719071,Mr.,Delbert,T,Lemley,M,delbert.lemley@aol.com,9/18/1960,8/7/1998,93205
910260,Ms.,Ressie,Z,Elliot,F,ressie.elliot@gmail.com,9/1/1992,7/20/2017,95031
682343,Ms.,Joy,U,Hofmann,F,joy.hofmann@hotmail.com,1/6/1958,11/29/2007,61769
495813,Dr.,Christoper,X,Stanfill,M,christoper.stanfill@aol.com,8/10/1961,10/6/2000,114903
499575,Mr.,Lesley,F,Fletcher,M,lesley.fletcher@charter.net,6/13/1968,1/18/2008,165454
989103,Drs.,Julio,E,Leatherwood,F,julio.leatherwood@yahoo.com,12/26/1975,2/26/2004,133949
629190,Ms.,Lora,O,Steck,F,lora.steck@hotmail.com,9/9/1966,3/4/2009,178023
327364,Hon.,Sol,R,Mccann,M,sol.mccann@exxonmobil.com,2/9/1988,11/30/2010,67121
433091,Ms.,Mireya,A,Zak,F,mireya.zak@bp.com,8/15/1976,7/4/2010,85869
459605,Ms.,Yael,K,Breton,F,yael.breton@aol.com,6/25/1964,10/19/2009,121491
182309,Ms.,Katherina,B,Mireles,F,katherina.mireles@yahoo.com,1/3/1994,11/6/2015,49029
885236,Dr.,Dwight,Y,Nuno,M,dwight.nuno@gmail.com,4/2/1969,1/28/1993,193203
441114,Prof.,Luigi,F,Nolan,M,luigi.nolan@gmail.com,11/7/1957,2/8/1980,50321
946170,Ms.,Anja,E,Lafontaine,F,anja.lafontaine@yahoo.com,7/11/1984,11/10/2013,40049
968491,Ms.,Etha,A,Mchenry,F,etha.mchenry@yahoo.com,5/22/1965,3/16/2012,97612
900171,Mr.,Jamar,P,Lo,M,jamar.lo@gmail.com,5/3/1974,3/11/2003,194680
609202,Mr.,Rickie,U,Castaneda,M,rickie.castaneda@gmail.com,2/8/1990,3/1/2013,124210
914346,Mr.,Mickey,Z,Gaffney,M,mickey.gaffney@sbcglobal.net,5/1/1958,10/2/2003,103423
757756,Mrs.,Iraida,D,Gerhart,F,iraida.gerhart@gmail.com,4/27/1960,9/8/2002,52375
895442,Prof.,Marcel,S,Zayas,M,marcel.zayas@yahoo.com,4/5/1978,7/2/2006,95742
978641,Mr.,Steven,N,Rugg,M,steven.rugg@yahoo.ca,5/24/1964,3/3/1998,44966
740273,Mr.,Marty,E,Bailey,M,marty.bailey@yahoo.co.uk,4/18/1996,6/16/2017,69316
477240,Dr.,Lenard,Y,Guyette,M,lenard.guyette@gmail.com,1/14/1959,12/27/2003,50202
811858,Mrs.,Judith,Q,Herrick,F,judith.herrick@cox.net,12/18/1958,1/28/1996,135737
671448,Mrs.,Le,X,Mcintosh,F,le.mcintosh@gmail.com,1/4/1994,2/9/2015,184555
891236,Hon.,Monserrate,O,Markus,F,monserrate.markus@gmail.com,10/4/1987,12/25/2013,191842
780645,Mr.,Billie,Z,Staats,M,billie.staats@gmail.com,11/27/1978,4/21/2002,178761
521654,Hon.,Erasmo,V,Dorsett,M,erasmo.dorsett@gmail.com,11/15/1994,6/5/2017,61664
793145,Ms.,Kittie,P,Featherstone,F,kittie.featherstone@gmail.com,4/23/1966,5/3/2000,151968
328444,Hon.,Tamica,A,Burson,F,tamica.burson@gmail.com,4/3/1971,2/14/1996,134015
617676,Mr.,Ambrose,F,Leavitt,M,ambrose.leavitt@yahoo.com,1/7/1977,5/19/2015,58996
564597,Mr.,Shawn,L,Miranda,M,shawn.miranda@cox.net,8/1/1972,8/4/1995,60682
446652,Mr.,Aubrey,T,Doggett,M,aubrey.doggett@microsoft.com,12/4/1990,5/31/2015,155732
465362,Hon.,Valrie,Q,Cookson,F,valrie.cookson@gmail.com,2/18/1959,3/1/2011,160262
470159,Mrs.,Margurite,Q,Rigney,F,margurite.rigney@yahoo.ca,7/31/1986,12/7/2015,67639
439656,Ms.,Bev,S,Miceli,F,bev.miceli@walmart.com,2/7/1996,4/18/2017,132607
968395,Hon.,Lucretia,U,Cress,F,lucretia.cress@yahoo.com,7/15/1990,11/17/2011,166404
459380,Mrs.,Zenia,N,Locke,F,zenia.locke@rediffmail.com,1/10/1996,5/25/2017,128912
477038,Ms.,Jerlene,E,Fulcher,F,jerlene.fulcher@yahoo.com,7/5/1980,8/2/2010,199698
674445,Ms.,Leila,V,Lancaster,F,leila.lancaster@bp.com,8/6/1977,8/31/2002,142409
608861,Mrs.,Annice,O,Colby,F,annice.colby@hotmail.com,3/6/1993,6/26/2014,79070
725700,Drs.,Bettie,V,Easterday,F,bettie.easterday@rediffmail.com,6/12/1983,12/22/2014,124701
559373,Drs.,Elene,T,Futrell,F,elene.futrell@yahoo.com,11/16/1968,1/24/2012,90963
672449,Ms.,Gabrielle,A,Lemire,F,gabrielle.lemire@gmail.com,9/13/1968,7/14/2016,72713
990934,Ms.,Carla,M,Harrigan,F,carla.harrigan@aol.com,10/27/1995,2/26/2017,75851
451224,Ms.,Yang,U,Pomerleau,F,yang.pomerleau@comcast.net,2/10/1972,2/9/2012,171272
767565,Hon.,Houston,V,Gardner,M,houston.gardner@yahoo.com,5/30/1979,1/4/2016,40508
338018,Mr.,Coy,A,Friedman,M,coy.friedman@bellsouth.net,2/11/1985,3/6/2017,156305
457117,Mr.,Charlie,C,Woosley,M,charlie.woosley@hotmail.com,11/15/1983,9/7/2014,68397
664002,Dr.,Darell,K,Ogden,M,darell.ogden@yahoo.ca,7/20/1986,9/30/2009,143673
961913,Ms.,Christel,X,Moody,F,christel.moody@aol.com,1/21/1960,6/25/1995,153186
145816,Dr.,Clement,H,Reichard,M,clement.reichard@yahoo.co.uk,2/13/1987,6/30/2015,88622
972309,Hon.,Jeneva,W,Stull,F,jeneva.stull@gmail.com,8/16/1989,12/24/2010,140389
413784,Mr.,Michal,W,Carty,M,michal.carty@aol.com,8/25/1966,6/9/1995,40860
715388,Ms.,Nam,P,Thomsen,F,nam.thomsen@aol.com,5/9/1993,8/27/2015,162132
543597,Mr.,Ward,H,Wilhite,M,ward.wilhite@yahoo.com,1/7/1977,4/17/2012,40262
137690,Ms.,Fe,B,Klug,F,fe.klug@gmail.com,10/29/1994,3/3/2016,70040
285912,Mrs.,Fumiko,U,Pickard,F,fumiko.pickard@sbcglobal.net,12/31/1981,7/30/2003,138195
327521,Prof.,Ahmad,M,Trull,M,ahmad.trull@aol.com,2/19/1965,5/28/1993,91261
688316,Ms.,Wilda,D,Hine,F,wilda.hine@yahoo.com,8/25/1979,6/19/2007,109475
315730,Drs.,Jeanett,G,Paynter,F,jeanett.paynter@hotmail.com,2/23/1989,1/2/2014,172596
804093,Mrs.,Kira,D,Puente,F,kira.puente@yahoo.com,7/28/1978,7/1/2003,59944
282744,Prof.,Salvador,S,Newkirk,M,salvador.newkirk@rediffmail.com,10/11/1973,12/14/2012,157772
960018,Hon.,Ethan,K,Meister,M,ethan.meister@gmail.com,11/30/1983,11/5/2006,134671
199624,Ms.,Tamara,P,Mixon,F,tamara.mixon@yahoo.com,8/27/1989,12/13/2011,102829
166516,Prof.,Clay,Z,Stallworth,M,clay.stallworth@hotmail.com,1/30/1993,9/18/2015,131782
930936,Mrs.,Melissia,S,Buehler,F,melissia.buehler@bp.com,12/1/1959,4/6/1987,74641
364618,Ms.,Myriam,C,Horvath,F,myriam.horvath@hotmail.com,4/10/1962,11/18/2003,186913
827188,Mr.,Pat,T,Leong,M,pat.leong@gmail.com,5/13/1982,7/11/2014,97549
204180,Mr.,Tanner,Y,Sanderlin,M,tanner.sanderlin@gmail.com,8/2/1977,4/2/2017,53288
612429,Mr.,Dusty,U,Ornelas,M,dusty.ornelas@yahoo.com,10/23/1959,5/2/1983,153131
381119,Mrs.,Lissa,E,Abram,F,lissa.abram@hotmail.com,3/10/1968,11/17/1992,142422
261409,Mr.,David,V,Bermudez,M,david.bermudez@comcast.net,9/8/1980,1/18/2014,178092
117011,Hon.,Monte,H,Strauss,M,monte.strauss@charter.net,11/21/1974,10/22/2016,170450
227451,Mr.,Carlos,P,Land,M,carlos.land@gmail.com,11/26/1968,2/21/1999,45279
142171,Mrs.,Lia,X,Hollingshead,F,lia.hollingshead@hotmail.com,9/22/1960,10/21/1995,95076
937672,Mrs.,Lanette,Q,Person,F,lanette.person@gmail.com,12/28/1966,9/15/1988,192827
209967,Ms.,Tobi,Z,Benning,F,tobi.benning@hotmail.com,2/11/1982,1/23/2005,68158
916683,Hon.,Tu,F,Weiss,F,tu.weiss@charter.net,5/5/1961,7/13/1998,86411
725736,Ms.,Shawnta,X,Rakes,F,shawnta.rakes@gmail.com,12/11/1979,4/30/2014,168907
344313,Mrs.,Kesha,H,Moore,F,kesha.moore@yahoo.com,1/2/1990,10/15/2012,59654
518042,Mr.,Ruben,L,Blakney,M,ruben.blakney@yahoo.com,3/15/1970,4/30/1997,82713
186253,Hon.,Magen,B,Franko,F,magen.franko@yahoo.com,5/20/1987,1/27/2009,117630
780089,Mr.,Bert,B,Emrick,M,bert.emrick@yahoo.com,7/4/1971,9/17/1993,50604
592061,Mr.,Antwan,W,Peden,M,antwan.peden@bp.com,6/18/1989,3/5/2015,48507
542374,Ms.,Emilee,W,Safford,F,emilee.safford@outlook.com,5/5/1981,1/29/2010,134319
699412,Mr.,Rosario,R,Tracey,M,rosario.tracey@gmail.com,1/16/1959,3/21/1997,108318
371039,Drs.,Ginger,Y,Fisher,F,ginger.fisher@yahoo.com,1/27/1962,10/19/2002,162014
427934,Ms.,Dotty,M,Esqueda,F,dotty.esqueda@shell.com,6/22/1971,2/1/1998,143847
986360,Mr.,Jed,L,Guyer,M,jed.guyer@aol.com,7/26/1992,6/25/2014,199589
623747,Mr.,Lonnie,T,Rounds,M,lonnie.rounds@hotmail.com,5/25/1981,8/11/2002,178645
606931,Mr.,Trinidad,I,Dail,M,trinidad.dail@hotmail.com,11/15/1961,11/28/1985,152639
804678,Ms.,Erma,O,Koons,F,erma.koons@aol.com,1/12/1989,11/12/2012,87169
380653,Ms.,Chiquita,N,Avina,F,chiquita.avina@gmail.com,3/17/1974,4/21/1999,184038
200633,Mr.,Elden,S,Fortney,M,elden.fortney@gmail.com,4/19/1982,9/28/2014,182054
819198,Ms.,Valencia,D,Mcfall,F,valencia.mcfall@yahoo.com,3/1/1984,2/2/2006,152136
894654,Dr.,Nick,J,Higdon,M,nick.higdon@aol.com,8/26/1966,7/27/2000,99497
819275,Hon.,Vito,Y,Richman,M,vito.richman@hotmail.com,5/2/1987,11/8/2009,154591
536894,Mrs.,Gia,G,Strain,F,gia.strain@gmail.com,9/20/1965,1/27/1987,127776
409589,Hon.,Dario,H,Kitchens,M,dario.kitchens@aol.com,10/18/1986,7/10/2010,142821
548178,Mr.,Horace,R,Dufour,M,horace.dufour@gmail.com,8/26/1992,12/30/2013,43889
584614,Ms.,Asha,W,Lor,F,asha.lor@hotmail.com,5/21/1969,10/15/2003,132079
840919,Prof.,Sheldon,G,Hassett,M,sheldon.hassett@gmail.com,4/12/1992,5/2/2015,163321
919607,Hon.,Mallie,I,Luker,F,mallie.luker@gmail.com,8/19/1969,4/20/1996,172163
307404,Mr.,Cary,W,Pilcher,M,cary.pilcher@bellsouth.net,11/18/1987,2/12/2017,67933
327984,Mr.,Rayford,R,Bordeaux,M,rayford.bordeaux@gmail.com,7/14/1987,1/1/2013,83737
325435,Drs.,Lise,W,Whitton,F,lise.whitton@gmail.com,11/10/1964,7/31/1991,116979
322179,Ms.,Alleen,S,Beller,F,alleen.beller@verizon.net,1/19/1994,9/2/2016,125290
753551,Ms.,Shelia,F,Windham,F,shelia.windham@yahoo.com,1/21/1959,12/9/2016,166248
583511,Hon.,Wallace,D,Keyser,M,wallace.keyser@btinternet.com,4/21/1985,7/3/2006,115708
332510,Ms.,Isis,Z,Rios,F,isis.rios@gmail.com,11/28/1959,9/4/2007,40323
868878,Mr.,Gino,X,Shell,M,gino.shell@walmart.com,7/26/1968,12/20/1992,177485
298565,Mr.,Fred,J,Woolard,M,fred.woolard@msn.com,4/12/1979,7/2/2001,102982
393131,Mr.,Antione,A,Borrego,M,antione.borrego@gmail.com,12/31/1957,9/17/2014,65541
458553,Ms.,Flavia,V,Duggins,F,flavia.duggins@hotmail.co.uk,2/5/1974,12/24/2014,150706
270481,Drs.,Charmain,F,Loftin,F,charmain.loftin@msn.com,2/19/1980,7/15/2008,166687
310121,Dr.,Jean,A,Maxwell,M,jean.maxwell@gmail.com,8/29/1973,8/3/2005,174321
598263,Hon.,Darron,N,Schuster,M,darron.schuster@gmail.com,3/4/1972,8/23/2007,94692
234868,Prof.,Lazaro,Y,Abrego,M,lazaro.abrego@aol.com,10/12/1982,5/1/2004,173763
877517,Ms.,Savanna,G,Goodman,F,savanna.goodman@hotmail.com,11/7/1962,9/15/1990,125993
681069,Mrs.,Cassey,E,Estrada,F,cassey.estrada@gmail.com,8/31/1972,2/20/2002,90974
242580,Mr.,Peter,N,Duprey,M,peter.duprey@aol.com,3/27/1990,11/7/2013,41020
141544,Ms.,Kizzie,C,Persinger,F,kizzie.persinger@shaw.ca,6/26/1959,10/27/2007,165910
416387,Ms.,Daisey,O,Glasser,F,daisey.glasser@ntlworld.com,4/8/1990,8/20/2012,56153
954433,Prof.,Augustine,B,Melanson,M,augustine.melanson@sbcglobal.net,9/18/1975,11/29/2001,140687
308125,Hon.,Eloy,O,Pellerin,M,eloy.pellerin@aol.com,11/26/1967,6/8/1997,91295
176898,Mrs.,Noreen,Z,Broadway,F,noreen.broadway@gmail.com,5/7/1973,11/3/1997,96844
725470,Mrs.,Arnita,H,Jarman,F,arnita.jarman@hotmail.com,2/1/1983,6/4/2005,58077
781741,Ms.,Elizabeth,A,Nicks,F,elizabeth.nicks@bellsouth.net,8/20/1970,2/22/2007,150736
562529,Ms.,Kirstin,J,Hatter,F,kirstin.hatter@hotmail.co.uk,8/9/1990,8/5/2012,53689
426924,Mrs.,Gladys,P,Hardin,F,gladys.hardin@bellsouth.net,10/4/1974,11/14/2008,112044
713458,Mrs.,September,K,Batson,F,september.batson@gmail.com,6/26/1962,12/12/2007,185330
603586,Hon.,Shon,A,Sales,M,shon.sales@yahoo.com,3/2/1992,2/25/2014,90425
184015,Hon.,Marie,R,Byron,F,marie.byron@verizon.net,3/3/1981,4/29/2009,110283
968064,Mrs.,Lashandra,H,Youngblood,F,lashandra.youngblood@hotmail.com,9/27/1970,12/17/1992,195270
206575,Mr.,Thomas,Y,Grams,M,thomas.grams@aol.com,9/1/1991,2/17/2016,176630
774624,Mrs.,Han,S,Tedeschi,F,han.tedeschi@hotmail.co.uk,7/8/1985,12/9/2015,73595
386397,Hon.,Charlette,X,Woodruff,F,charlette.woodruff@gmail.com,2/23/1992,12/29/2015,169564
214434,Ms.,Marvella,W,Borchardt,F,marvella.borchardt@aol.com,6/26/1966,4/2/2005,191062
462473,Mr.,Teddy,Q,Billings,M,teddy.billings@aol.com,6/27/1961,6/2/2016,188356
910793,Mrs.,Vickie,U,Lofton,F,vickie.lofton@rediffmail.com,10/5/1981,5/24/2011,81113
155188,Mr.,Willie,R,Nevarez,M,willie.nevarez@yahoo.com,6/5/1991,11/27/2015,58922
598381,Mr.,Antone,X,Westphal,M,antone.westphal@aol.com,11/7/1984,3/23/2017,187243
461891,Ms.,Kara,R,Botello,F,kara.botello@yahoo.ca,9/24/1960,9/9/1987,127039
347652,Ms.,Adell,J,Bahena,F,adell.bahena@cox.net,6/7/1961,2/8/1997,43380
205938,Mr.,Levi,A,Gaskins,M,levi.gaskins@yahoo.com,9/10/1959,12/14/2000,77159
251035,Drs.,Lea,N,Durfee,F,lea.durfee@gmail.com,12/2/1968,10/18/1991,137416
533659,Hon.,Kathrine,V,Ibanez,F,kathrine.ibanez@earthlink.net,10/12/1983,10/18/2007,141872
598711,Mr.,Cornell,Y,Chapman,M,cornell.chapman@gmail.com,12/6/1990,2/18/2016,122829
942564,Ms.,Elsa,H,Derouen,F,elsa.derouen@yahoo.com,11/9/1987,7/10/2015,146979
905090,Ms.,Adelle,E,Branum,F,adelle.branum@gmail.com,5/8/1996,6/7/2017,163466
868587,Hon.,Alvin,W,Dionne,M,alvin.dionne@apple.com,2/2/1989,8/21/2016,197198
924873,Mrs.,Annmarie,E,Jurado,F,annmarie.jurado@btinternet.com,3/7/1969,5/7/2013,76421
637907,Mrs.,Ilse,X,Osman,F,ilse.osman@hotmail.com,9/28/1984,9/10/2015,127492
908690,Drs.,Carisa,V,Quinn,F,carisa.quinn@yahoo.com,2/1/1987,3/23/2014,98059
255575,Mr.,Art,Y,Kimmel,M,art.kimmel@btinternet.com,8/25/1957,6/2/1980,165020
348328,Mr.,Gerry,H,House,M,gerry.house@bellsouth.net,12/6/1958,7/30/1994,98151
947619,Ms.,Barbie,R,Grillo,F,barbie.grillo@gmail.com,5/25/1969,6/14/2012,166717
905986,Prof.,Horacio,H,Lanza,M,horacio.lanza@ntlworld.com,8/24/1995,9/19/2016,187143
373279,Prof.,Junior,O,Hawkinson,M,junior.hawkinson@gmail.com,6/2/1990,5/7/2014,117495
777551,Dr.,Garry,R,Dibble,M,garry.dibble@gmail.com,5/16/1972,1/18/2016,101544
201833,Mrs.,Contessa,F,Villasenor,F,contessa.villasenor@gmail.com,8/30/1973,4/17/2011,134077
851025,Mrs.,Araceli,Z,Hinrichs,F,araceli.hinrichs@ibm.com,10/19/1957,3/23/1986,72445
526224,Dr.,Sol,Q,Shaffer,M,sol.shaffer@yahoo.com,1/12/1977,3/24/2001,179440
576746,Dr.,Fidel,J,Kirkman,M,fidel.kirkman@btinternet.com,8/28/1990,4/3/2014,162157
252383,Ms.,Shirly,T,Cartagena,F,shirly.cartagena@gmail.com,9/15/1983,8/11/2006,52902
799419,Mr.,Thaddeus,S,Perea,M,thaddeus.perea@rediffmail.com,11/19/1982,3/9/2004,53976
603136,Mrs.,Christen,S,Blackford,F,christen.blackford@aol.com,1/31/1966,7/6/2013,100823
801955,Mr.,Orville,K,Holtz,M,orville.holtz@gmail.com,5/6/1983,2/27/2014,40077
208915,Hon.,Aimee,W,Roesch,F,aimee.roesch@gmail.com,6/30/1959,1/3/2005,92929
144449,Mr.,Rocco,W,Atchley,M,rocco.atchley@walmart.com,7/12/1983,2/23/2015,152527
701943,Mr.,Guillermo,U,Kinder,M,guillermo.kinder@shell.com,9/17/1989,11/25/2014,149272
992731,Mr.,Simon,V,Lantz,M,simon.lantz@yahoo.co.uk,11/25/1966,2/7/1990,182425
174999,Mr.,Wade,Y,Devore,M,wade.devore@sbcglobal.net,3/31/1971,4/29/2001,122801
630962,Hon.,Irvin,U,Vickers,M,irvin.vickers@rediffmail.com,12/19/1967,4/7/2001,172170
976995,Ms.,Lakenya,W,Langham,F,lakenya.langham@gmail.com,3/6/1966,11/24/1992,122571
519353,Prof.,Sam,J,Doak,M,sam.doak@shell.com,3/10/1985,7/30/2012,45849
762018,Mr.,Clint,K,Loper,M,clint.loper@shaw.ca,1/7/1985,2/5/2010,102566
702589,Ms.,Tressie,L,Hartung,F,tressie.hartung@charter.net,8/5/1981,9/29/2015,122758
819624,Hon.,Felix,D,Epstein,M,felix.epstein@shaw.ca,3/7/1992,1/22/2016,161158
152274,Drs.,Deadra,C,Trawick,F,deadra.trawick@gmail.com,1/26/1973,12/8/2010,139033
158610,Drs.,Lessie,O,Holiday,F,lessie.holiday@hotmail.co.uk,3/9/1960,2/17/1991,196180
737855,Mrs.,Leeann,F,Moya,F,leeann.moya@gmail.com,7/13/1970,6/21/2012,42425
927583,Mrs.,Yang,L,Yi,F,yang.yi@charter.net,8/1/1972,8/31/2013,160630
298233,Mr.,Darius,N,Chambers,M,darius.chambers@ntlworld.com,10/4/1970,3/17/2016,105188
311228,Mrs.,Junie,M,Carmack,F,junie.carmack@hotmail.com,10/31/1985,1/1/2015,124002
508518,Ms.,Solange,E,Hanes,F,solange.hanes@cox.net,1/1/1996,7/28/2017,180091
263382,Mr.,Tyron,R,Miceli,M,tyron.miceli@hotmail.com,9/8/1990,7/4/2016,184238
347475,Mr.,Jamar,U,Caudle,M,jamar.caudle@gmail.com,5/27/1987,10/20/2008,44559
882469,Mrs.,Drusilla,F,Echeverria,F,drusilla.echeverria@shaw.ca,6/10/1988,5/15/2017,155302
415671,Mr.,Tyrell,K,Wexler,M,tyrell.wexler@apple.com,12/26/1980,10/2/2015,97948
345957,Mr.,Lyman,P,Massa,M,lyman.massa@cox.net,12/5/1976,11/23/2006,115390
909863,Prof.,Vernon,G,Goodson,M,vernon.goodson@gmail.com,8/11/1981,1/22/2013,116922
542743,Ms.,Agnus,J,Leathers,F,agnus.leathers@hotmail.com,3/26/1985,3/27/2007,60753
281420,Ms.,Priscilla,R,Garver,F,priscilla.garver@bp.com,7/26/1963,8/24/1985,53978
875665,Dr.,Son,B,Partain,M,son.partain@aol.com,3/28/1962,2/2/2013,150152
939879,Mr.,Damion,F,Armes,M,damion.armes@charter.net,11/19/1958,12/15/2016,184084
261940,Mr.,Everette,N,Horta,M,everette.horta@ibm.com,9/25/1986,7/21/2015,184935
140539,Mr.,Renaldo,G,Frasier,M,renaldo.frasier@yahoo.co.in,7/4/1960,2/25/2005,184441
914844,Hon.,Elenora,H,Eliason,F,elenora.eliason@aol.com,7/31/1980,8/26/2016,49742
417178,Ms.,Moon,Y,Comfort,F,moon.comfort@yahoo.com,2/8/1991,11/5/2016,132380
601095,Mr.,Cristobal,N,Force,M,cristobal.force@aol.com,4/12/1977,8/23/2013,158835
365479,Prof.,Terence,D,Huss,M,terence.huss@gmail.com,10/2/1986,9/24/2008,46374
290588,Ms.,Adelia,J,Donofrio,F,adelia.donofrio@gmail.com,7/16/1971,3/24/2013,193041
582699,Hon.,Mikaela,X,Hassett,F,mikaela.hassett@sbcglobal.net,3/11/1963,10/26/2007,75181
115166,Drs.,Chanell,K,Krohn,F,chanell.krohn@microsoft.com,6/26/1973,10/5/2001,52343
235808,Mr.,Darnell,K,Betz,M,darnell.betz@msn.com,12/20/1957,11/8/1992,120104
330859,Hon.,Christian,D,Espinal,F,christian.espinal@hotmail.com,8/27/1994,6/26/2016,109079
841444,Mr.,Carmen,J,Voelker,M,carmen.voelker@gmail.com,5/5/1982,1/24/2014,115388
200259,Mr.,Leandro,B,Carmona,M,leandro.carmona@hotmail.com,10/11/1965,11/28/2004,126762
285435,Mrs.,Lida,U,Fitzhugh,F,lida.fitzhugh@yahoo.com,11/20/1982,8/5/2011,151733
378375,Mrs.,Lamonica,H,Mcalpine,F,lamonica.mcalpine@gmail.com,2/10/1976,10/1/2016,89545
331923,Mrs.,Domitila,B,Gelinas,F,domitila.gelinas@gmail.com,10/19/1968,9/8/2007,147932
385290,Drs.,Corrine,S,Townes,F,corrine.townes@rediffmail.com,11/10/1976,2/15/2005,147294
427608,Ms.,Eleonora,T,Anson,F,eleonora.anson@hotmail.com,1/4/1993,9/23/2015,95644
748948,Ms.,Elva,R,Deberry,F,elva.deberry@msn.com,1/21/1962,9/30/1994,121288
606706,Hon.,Coralie,G,Silveira,F,coralie.silveira@hotmail.com,2/21/1987,9/17/2016,182277
956988,Mr.,Erwin,D,Almaraz,M,erwin.almaraz@gmail.com,4/11/1964,12/17/1998,175552
968806,Hon.,Fleta,L,Gaudet,F,fleta.gaudet@btinternet.com,12/21/1995,12/22/2016,137005
578698,Mrs.,Donita,W,Schneider,F,donita.schneider@rediffmail.com,3/14/1982,7/16/2014,138807
535207,Mrs.,Tabatha,C,Threadgill,F,tabatha.threadgill@hotmail.com,12/2/1992,8/16/2015,64914
473786,Prof.,Travis,R,Albrecht,M,travis.albrecht@bp.com,10/19/1995,10/23/2016,122052
289290,Dr.,Garry,E,Carvalho,M,garry.carvalho@gmail.com,2/1/1978,4/3/2013,114262
337950,Mr.,Donovan,A,Alfred,M,donovan.alfred@gmail.com,5/5/1991,11/4/2013,156761
317566,Hon.,Jodee,W,Sistrunk,F,jodee.sistrunk@yahoo.co.uk,2/10/1969,10/5/1993,41871
613037,Mrs.,Matthew,S,Rust,F,matthew.rust@gmail.com,1/29/1996,4/28/2017,138718
745885,Ms.,Tamica,A,Rosemond,F,tamica.rosemond@yahoo.com,10/28/1962,6/27/1996,101645
122893,Mrs.,Charlesetta,X,Moose,F,charlesetta.moose@gmail.com,10/24/1966,4/15/1990,122465
387432,Mrs.,Nubia,D,Howlett,F,nubia.howlett@bp.com,7/19/1984,10/22/2006,81205
573797,Mr.,Jamey,K,Hobson,M,jamey.hobson@comcast.net,1/9/1961,3/20/2005,91382
574758,Mr.,Gustavo,T,Bartel,M,gustavo.bartel@gmail.com,4/22/1991,4/28/2013,71662
836145,Mr.,Sang,I,Willingham,M,sang.willingham@gmail.com,12/13/1966,5/11/1993,128389
536958,Mr.,Raphael,J,Mcwhirter,M,raphael.mcwhirter@outlook.com,7/27/1979,9/8/2008,195503
590714,Dr.,Amado,S,Reading,M,amado.reading@yahoo.com,4/14/1977,1/21/2004,192279
238636,Ms.,Nena,Z,Falk,F,nena.falk@yahoo.com,11/26/1985,5/21/2014,77605
256186,Ms.,Katelin,M,Hamner,F,katelin.hamner@outlook.com,8/29/1994,4/23/2017,184661
152918,Mr.,Augustus,N,Bolling,M,augustus.bolling@hotmail.com,5/17/1980,3/29/2013,164384
336800,Mr.,Alden,L,Townsend,M,alden.townsend@gmail.com,11/28/1968,12/11/2011,72550
996254,Mr.,Walker,M,Higgins,M,walker.higgins@aol.com,8/9/1964,11/20/1985,156047
884592,Ms.,Sharon,D,Drees,F,sharon.drees@gmail.com,12/13/1977,1/7/2002,191563
452814,Mr.,Quentin,J,Goodale,M,quentin.goodale@hotmail.com,8/19/1962,11/20/1991,96997
215105,Ms.,Chasity,V,Snelling,F,chasity.snelling@sbcglobal.net,8/29/1989,2/21/2014,134747
138464,Mrs.,Heidy,X,Handy,F,heidy.handy@gmail.com,7/18/1982,10/18/2008,109340
237691,Mr.,Devon,K,Waugh,M,devon.waugh@gmail.com,4/14/1984,2/26/2010,112035
720990,Mr.,Norris,H,Medford,M,norris.medford@gmail.com,11/11/1987,8/10/2015,74526
205936,Mr.,John,E,Lauderdale,M,john.lauderdale@gmail.com,9/2/1969,10/9/1998,65323
668794,Prof.,Armand,Q,Abbey,M,armand.abbey@aol.com,8/1/1995,4/8/2017,128120
916017,Dr.,Carter,E,Chewning,M,carter.chewning@gmail.com,4/1/1967,9/28/2006,184173
989182,Mr.,Lonnie,K,Burden,M,lonnie.burden@gmail.com,2/4/1989,6/6/2017,152684
714077,Dr.,Shane,W,Loya,M,shane.loya@ibm.com,10/18/1968,1/4/1992,107140
761776,Ms.,Wendi,X,Weinstein,F,wendi.weinstein@msn.com,10/6/1957,2/18/1979,173802
451523,Mr.,Marvin,S,Mcfadden,M,marvin.mcfadden@gmail.com,11/26/1980,2/7/2005,53727
494858,Mrs.,Dodie,R,Crowther,F,dodie.crowther@bp.com,3/27/1985,7/10/2016,84213
971570,Hon.,Eladia,K,Calderon,F,eladia.calderon@gmail.com,3/29/1962,10/16/1991,131965
332396,Mrs.,Tanisha,I,Helms,F,tanisha.helms@gmail.com,9/19/1957,5/12/2017,41083
932590,Mr.,Cletus,N,Hodson,M,cletus.hodson@shaw.ca,6/11/1965,5/24/1993,186609
806216,Dr.,Bryon,O,Sprague,M,bryon.sprague@gmail.com,8/8/1983,12/17/2010,41390
329381,Mrs.,Keeley,E,Deleon,F,keeley.deleon@gmail.com,12/19/1976,7/13/2002,192973
716644,Dr.,Sung,G,Warfield,M,sung.warfield@walmart.com,4/25/1965,12/18/2000,100444
184574,Ms.,Lorilee,I,Andrews,F,lorilee.andrews@yahoo.com,7/13/1961,6/30/1984,121380
280513,Mr.,Giuseppe,Q,Hays,M,giuseppe.hays@yahoo.co.in,6/19/1960,7/7/1983,98522
660177,Mr.,Lawerence,V,Oliver,M,lawerence.oliver@bellsouth.net,4/10/1994,7/5/2017,157243
129854,Hon.,Garth,Z,Castanon,M,garth.castanon@btinternet.com,2/2/1968,7/5/2014,160642
950370,Dr.,Hayden,L,Gingras,M,hayden.gingras@aol.com,11/28/1973,11/30/2013,121763
300184,Mr.,Rick,T,Durrett,M,rick.durrett@yahoo.co.uk,6/24/1958,11/12/2010,74445
983328,Mr.,Brice,K,Duffy,M,brice.duffy@hotmail.com,4/5/1969,10/4/2001,178262
902809,Ms.,Kimber,R,Clair,F,kimber.clair@gmail.com,9/23/1990,10/13/2016,131219
737626,Mr.,Heath,I,Samuel,M,heath.samuel@gmail.com,11/15/1990,5/29/2017,149133
175611,Mrs.,Eladia,G,Mccollum,F,eladia.mccollum@gmail.com,3/24/1989,2/24/2013,55030
312123,Mr.,Edward,M,Jaeger,M,edward.jaeger@ibm.com,4/7/1967,10/9/1989,88421
940076,Mrs.,Katrice,W,Blood,F,katrice.blood@gmail.com,8/23/1958,6/22/2003,84997
554861,Dr.,Rickey,O,Pompey,M,rickey.pompey@hotmail.com,10/13/1964,6/28/2005,155024
270131,Mr.,Deangelo,L,Kinsey,M,deangelo.kinsey@ibm.com,10/12/1974,11/23/2001,155677
723225,Ms.,Charlene,S,Shaner,F,charlene.shaner@bp.com,6/16/1988,4/18/2012,111521
511676,Ms.,Tiara,B,Kaczmarek,F,tiara.kaczmarek@aol.com,4/22/1990,10/29/2014,40580
536460,Ms.,Kimiko,Q,Denison,F,kimiko.denison@aol.com,6/22/1987,6/12/2010,93626
902808,Hon.,Jacquelyn,K,Kang,F,jacquelyn.kang@hotmail.com,1/17/1962,6/11/1995,163817
870550,Ms.,Hilaria,J,Bond,F,hilaria.bond@rediffmail.com,5/2/1987,4/15/2011,175266
378078,Mr.,Andrew,Q,Branum,M,andrew.branum@gmail.com,12/29/1987,11/30/2014,104853
234344,Ms.,Hattie,P,Broadwater,F,hattie.broadwater@comcast.net,12/4/1958,3/3/2016,134284
584547,Mrs.,Inell,A,Popovich,F,inell.popovich@cox.net,5/16/1986,7/31/2011,181413
388049,Mr.,Arnoldo,M,Mireles,M,arnoldo.mireles@yahoo.com,2/26/1970,1/12/2017,63767
137429,Mrs.,Arianne,X,Flanagan,F,arianne.flanagan@gmail.com,1/29/1969,11/10/1994,175482
909634,Ms.,Kristi,J,Breckenridge,F,kristi.breckenridge@hotmail.com,7/19/1996,7/18/2017,114000
698649,Ms.,Wendy,D,Dark,F,wendy.dark@aol.com,1/31/1974,11/16/2008,187459
959154,Drs.,Flossie,V,Ruckman,F,flossie.ruckman@ntlworld.com,6/17/1975,8/19/2014,90043
350545,Mr.,Alvaro,Q,Szymanski,M,alvaro.szymanski@hotmail.com,8/6/1968,6/16/2012,163413
935433,Mr.,Pasquale,T,Colman,M,pasquale.colman@gmail.com,12/8/1986,11/7/2012,149933
625811,Ms.,Pamela,H,Church,F,pamela.church@btinternet.com,11/5/1995,11/4/2016,120481
497331,Ms.,Marin,R,Hurlburt,F,marin.hurlburt@shell.com,8/16/1976,11/13/2007,48516
443697,Mrs.,Exie,Q,Mosher,F,exie.mosher@aol.com,10/14/1980,9/2/2010,95376
310709,Mrs.,Wendolyn,L,Huckaby,F,wendolyn.huckaby@gmail.com,2/11/1995,2/26/2016,171897
202458,Mrs.,Kiley,F,Bigler,F,kiley.bigler@comcast.net,5/2/1974,4/7/1997,161035
882191,Dr.,Les,D,Finney,M,les.finney@hotmail.com,4/20/1979,5/7/2000,127518
389161,Ms.,Lurlene,R,Bedard,F,lurlene.bedard@yahoo.com,7/24/1978,7/7/2017,96379
951966,Mr.,Andre,I,King,M,andre.king@aol.com,3/25/1972,2/4/1997,134862
623523,Mr.,Sol,B,Jacobo,M,sol.jacobo@gmail.com,7/21/1976,8/25/2000,94209
806714,Mr.,Virgilio,L,Diaz,M,virgilio.diaz@shaw.ca,12/13/1962,10/4/1997,101783
830219,Mr.,Wes,M,Buzzard,M,wes.buzzard@ntlworld.com,12/28/1971,9/15/2013,92215
984909,Ms.,Charlie,B,Hawk,F,charlie.hawk@gmail.com,12/2/1969,7/30/2001,111456
234112,Mrs.,Cherri,O,Broadway,F,cherri.broadway@aol.com,7/5/1960,1/10/2016,152123
402247,Mrs.,Ashlyn,X,Letourneau,F,ashlyn.letourneau@yahoo.com,4/19/1978,5/8/2005,164956
761720,Hon.,Korey,I,Marker,M,korey.marker@yahoo.co.uk,10/19/1988,6/4/2013,191956
813889,Hon.,Heidi,A,Bergin,F,heidi.bergin@gmail.com,11/26/1964,7/20/1987,104461
321172,Mr.,Hayden,P,Hammonds,M,hayden.hammonds@aol.com,7/21/1989,5/11/2011,136427
752395,Mr.,Sammie,O,Harr,M,sammie.harr@gmail.com,12/1/1971,3/24/2002,42083
766180,Hon.,Malissa,O,Cheng,F,malissa.cheng@shaw.ca,12/11/1976,4/28/2005,150454
524682,Ms.,Liberty,E,Hamilton,F,liberty.hamilton@gmail.com,6/2/1995,3/11/2017,59318
460712,Prof.,Leonardo,W,Daugherty,M,leonardo.daugherty@gmail.com,1/20/1979,5/27/2011,180802
962463,Mr.,Terrence,R,Fischer,M,terrence.fischer@aol.com,8/23/1961,4/16/2006,62123
249906,Hon.,Chun,M,Rodas,F,chun.rodas@gmail.com,12/26/1979,11/16/2012,150845
176152,Hon.,Florentina,P,Frausto,F,florentina.frausto@gmail.com,10/24/1985,2/5/2013,76622
309470,Prof.,Herbert,B,Linkous,M,herbert.linkous@rediffmail.com,9/16/1988,4/15/2013,113461
784461,Mr.,Val,X,Prichard,M,val.prichard@yahoo.com,2/5/1978,12/17/2005,190434
234653,Ms.,Carma,P,Wadsworth,F,carma.wadsworth@sbcglobal.net,9/14/1961,10/19/2009,187045
314143,Mr.,Kelvin,Z,Peterson,M,kelvin.peterson@yahoo.com,12/3/1960,4/25/1995,184625
729915,Ms.,Melonie,Z,Kemp,F,melonie.kemp@hotmail.com,3/19/1969,1/31/2013,139649
797650,Mrs.,Lasonya,J,Lasher,F,lasonya.lasher@gmail.com,4/2/1967,10/20/1991,61284
149294,Mr.,Arturo,X,Aguilera,M,arturo.aguilera@bp.com,6/30/1981,10/17/2009,126250
929813,Ms.,Charlesetta,J,Church,F,charlesetta.church@gmail.com,8/10/1987,3/10/2012,151734
693019,Prof.,Jeremy,D,Nowlin,M,jeremy.nowlin@gmail.com,8/11/1976,1/21/2017,124141
144665,Ms.,Janeen,C,Schwarz,F,janeen.schwarz@outlook.com,10/23/1965,4/5/2005,170349
177043,Mr.,Luther,N,Metts,M,luther.metts@btinternet.com,1/2/1980,1/21/2016,131441
640185,Mrs.,Kandy,L,Goodman,F,kandy.goodman@yahoo.co.in,5/16/1960,6/13/1991,139015
625487,Dr.,Wayne,L,Coston,M,wayne.coston@aol.com,12/9/1957,3/14/1996,193743
712061,Prof.,Elliott,U,Hadden,M,elliott.hadden@hotmail.com,10/26/1964,6/26/2017,67206
269343,Mr.,Keith,Q,Park,M,keith.park@gmail.com,6/26/1993,10/27/2016,163875
535375,Ms.,Albina,Q,Henning,F,albina.henning@hotmail.com,8/28/1971,6/28/2002,112688
645863,Mr.,Dirk,J,Draper,M,dirk.draper@hotmail.com,8/3/1965,12/14/2008,99793
866428,Mr.,Maurice,T,Lamp,M,maurice.lamp@yahoo.com,2/5/1968,11/12/2003,107844
270868,Mr.,Roscoe,S,Mims,M,roscoe.mims@yahoo.com,5/31/1978,6/17/2015,165595
248033,Hon.,Rogelio,V,Valles,M,rogelio.valles@verizon.net,7/9/1980,12/11/2007,96631
800642,Ms.,Susanna,B,Dilworth,F,susanna.dilworth@gmail.com,12/3/1981,7/15/2012,60661
968282,Mr.,Johnie,D,Knowlton,M,johnie.knowlton@verizon.net,10/8/1972,11/10/2014,47154
266740,Mrs.,Evelin,Q,Burgett,F,evelin.burgett@aol.com,11/15/1986,5/25/2015,121922
467231,Mrs.,Tiana,E,Ho,F,tiana.ho@sbcglobal.net,1/19/1988,2/12/2015,144876
633714,Mrs.,Joye,W,Salvatore,F,joye.salvatore@gmail.com,9/21/1977,7/28/2017,44246
219281,Mrs.,Meghann,H,Gouge,F,meghann.gouge@rediffmail.com,10/3/1988,4/15/2016,71436
263090,Mr.,Rhett,Q,Wyatt,M,rhett.wyatt@gmail.com,3/7/1991,7/9/2012,163961
341246,Prof.,Rolando,E,Nieves,M,rolando.nieves@hotmail.com,11/21/1978,1/29/2000,194113
755812,Dr.,Branden,G,Gaylor,M,branden.gaylor@gmail.com,9/2/1970,9/29/2014,50482
842789,Dr.,Carmine,N,Nowell,M,carmine.nowell@hotmail.com,4/18/1980,5/22/2011,110894
978722,Mr.,Fermin,A,Oshiro,M,fermin.oshiro@rediffmail.com,4/20/1981,9/6/2002,71094
435885,Mr.,Kraig,W,Douglas,M,kraig.douglas@hotmail.com,9/13/1979,4/17/2013,116186
191728,Mr.,Raymundo,Q,Bugg,M,raymundo.bugg@aol.com,11/16/1966,7/13/1998,113830
931089,Mr.,Jae,C,Fricke,M,jae.fricke@gmail.com,5/24/1963,3/25/2001,152140
414559,Mr.,Lowell,J,Gallion,M,lowell.gallion@hotmail.com,5/11/1984,3/7/2006,93490
581716,Hon.,Marica,R,Scalise,F,marica.scalise@hotmail.com,9/21/1961,9/12/2004,130600
171987,Mr.,Johnny,T,Uhl,M,johnny.uhl@aol.com,5/13/1980,9/27/2014,185785
848169,Mr.,Sydney,K,Vaden,M,sydney.vaden@gmail.com,5/1/1986,3/16/2010,110690
423085,Hon.,Jess,X,Burkey,M,jess.burkey@earthlink.net,3/6/1967,6/3/1995,54595
610173,Mr.,Dalton,A,Bristol,M,dalton.bristol@microsoft.com,3/14/1977,12/15/2000,137012
146729,Mr.,Anderson,C,Neal,M,anderson.neal@gmail.com,8/14/1974,10/15/2008,57370
965827,Mrs.,Zenobia,J,Castle,F,zenobia.castle@yahoo.co.uk,4/2/1993,9/17/2016,63470
166682,Prof.,Nolan,D,Llamas,M,nolan.llamas@hotmail.com,9/18/1972,9/20/2011,93638
423003,Ms.,Letisha,M,Tweed,F,letisha.tweed@verizon.net,12/25/1983,4/26/2005,47734
244046,Hon.,Novella,W,Moniz,F,novella.moniz@gmail.com,1/2/1960,2/5/1995,121646
510897,Mr.,Russell,E,Nowell,M,russell.nowell@bp.com,7/29/1960,11/8/1988,41309
464848,Hon.,Darrell,R,Merrick,M,darrell.merrick@gmail.com,8/19/1983,2/22/2010,168129
283932,Dr.,Ward,A,Jaworski,M,ward.jaworski@apple.com,12/5/1981,7/31/2014,160241
394983,Prof.,Emmanuel,S,Laliberte,M,emmanuel.laliberte@gmail.com,4/21/1974,7/14/2012,96197
190248,Prof.,Darius,H,Dagostino,M,darius.dagostino@sbcglobal.net,6/11/1994,7/24/2017,181445
363643,Ms.,Nona,P,Devlin,F,nona.devlin@gmail.com,10/5/1980,7/6/2005,76356
443666,Drs.,Barbar,U,Sutherland,F,barbar.sutherland@rediffmail.com,6/11/1993,2/16/2015,129657
569646,Mrs.,Kisha,F,Threatt,F,kisha.threatt@hotmail.com,4/2/1985,9/19/2014,185645
593561,Mr.,Benjamin,O,Ledet,M,benjamin.ledet@outlook.com,6/6/1960,4/19/2016,120017
149581,Ms.,Melani,O,Batista,F,melani.batista@aol.com,8/8/1962,11/30/2010,159896
987110,Dr.,Louis,S,Carney,M,louis.carney@hotmail.com,1/7/1966,12/21/2012,61266
346647,Ms.,Almeta,I,Mcnair,F,almeta.mcnair@aol.com,1/3/1988,7/18/2010,44137
818330,Mrs.,Suzan,U,Garner,F,suzan.garner@gmail.com,10/9/1970,11/26/2016,184578
141292,Mr.,Kirk,P,Brush,M,kirk.brush@yahoo.com,10/20/1964,10/21/2013,126099
125041,Mr.,Quintin,T,Partridge,M,quintin.partridge@cox.net,8/10/1986,6/3/2012,43007
482552,Dr.,Stefan,C,Mundell,M,stefan.mundell@yahoo.com,8/15/1985,4/24/2010,177858
872637,Mr.,Granville,H,Norman,M,granville.norman@gmail.com,1/31/1975,9/4/2004,66579
592303,Prof.,Maurice,A,Mayberry,M,maurice.mayberry@aol.com,9/17/1962,1/24/2013,150602
707988,Ms.,Shanika,B,Pinkney,F,shanika.pinkney@aol.com,4/21/198
425467,Mr.,Benton,Q,Dotson,M,benton.dotson@yahoo.co.in,10/29/1976,11/28/2004,78764
